{
  "batch_size": 4,
  "epochs": 50,
  "eval_device": "auto",
  "eval_limit": null,
  "image_size": 256,
  "limit": null,
  "metrics": {
    "gan_mso2": {
      "steps": {
        "0": {
          "inference_seconds_per_image": 0.03751719543242563,
          "mae": 0.7542635427938925,
          "psnr": 2.1865245060692278,
          "rmse": 0.7789474245899954,
          "ssim": 0.03931388435743755
        },
        "1": {
          "inference_seconds_per_image": 0.10849678716217137,
          "mae": 0.011330272587066566,
          "psnr": 27.456800575463888,
          "rmse": 0.04633114713168499,
          "ssim": 0.749001302164772
        },
        "2": {
          "inference_seconds_per_image": 0.12211362667567977,
          "mae": 0.3561730650631157,
          "psnr": 7.507776001838181,
          "rmse": 0.42218568313189864,
          "ssim": -0.05168681281819864
        },
        "3": {
          "inference_seconds_per_image": 0.17602352132432833,
          "mae": 0.21908837909231316,
          "psnr": 10.160234578217183,
          "rmse": 0.3330238644289892,
          "ssim": -0.007659456726985824
        },
        "4": {
          "inference_seconds_per_image": 0.22814125005404734,
          "mae": 0.17226800050687147,
          "psnr": 13.262483668299453,
          "rmse": 0.26760318360476404,
          "ssim": 0.03172166045717304
        },
        "5": {
          "inference_seconds_per_image": 0.2857051842702768,
          "mae": 0.2892072937778524,
          "psnr": 9.119546250750506,
          "rmse": 0.39477388177370887,
          "ssim": -0.021601184957447117
        }
      },
      "train_seconds": null
    }
  },
  "models": [
    "gan_mso2"
  ],
  "run_seconds": 105.35520985699998
}