{
  "batch_size": 4,
  "epochs": 50,
  "eval_device": "auto",
  "eval_limit": null,
  "image_size": 256,
  "limit": null,
  "metrics": {
    "gan_mso2": {
      "steps": {
        "0": {
          "inference_seconds_per_image": 0.05496254797301574,
          "mae": 0.01866501823973817,
          "psnr": 29.562923118298166,
          "rmse": 0.036400364197375835,
          "ssim": 0.9914400415599506
        },
        "1": {
          "inference_seconds_per_image": 0.09754934094592721,
          "mae": 0.02002663615889646,
          "psnr": 27.802647542390684,
          "rmse": 0.04224417063516566,
          "ssim": 0.9892178682453736
        },
        "2": {
          "inference_seconds_per_image": 0.16140946878372356,
          "mae": 0.024498180612116248,
          "psnr": 26.74005719075712,
          "rmse": 0.04735676712380671,
          "ssim": 0.9864795391642381
        },
        "3": {
          "inference_seconds_per_image": 0.23389924448652843,
          "mae": 0.02996504065152761,
          "psnr": 25.496492343292818,
          "rmse": 0.05430391393996191,
          "ssim": 0.982401242374268
        },
        "4": {
          "inference_seconds_per_image": 0.31772349178379805,
          "mae": 0.03523947132398953,
          "psnr": 24.3782214140325,
          "rmse": 0.06150183867422467,
          "ssim": 0.9775919873247055
        },
        "5": {
          "inference_seconds_per_image": 0.3943023405135677,
          "mae": 0.040320883932951336,
          "psnr": 23.37278652597889,
          "rmse": 0.06883717945475634,
          "ssim": 0.9720743607068224
        }
      },
      "train_seconds": 2613.717653391
    }
  },
  "models": [
    "gan_mso2"
  ],
  "run_seconds": 2729.914757287
}