{
  "batch_size": 4,
  "epochs": 50,
  "eval_device": "auto",
  "eval_limit": null,
  "image_size": 256,
  "limit": null,
  "metrics": {
    "unet_resnet50": {
      "steps": {
        "0": {
          "inference_seconds_per_image": 0.05604556518917004,
          "mae": 0.01866501831525081,
          "psnr": 29.562923094140633,
          "rmse": 0.036400364214238326,
          "ssim": 0.9914400495222753
        },
        "1": {
          "inference_seconds_per_image": 0.7378661798107788,
          "mae": 0.07660197889482653,
          "psnr": 20.675887652126143,
          "rmse": 0.09269827909619566,
          "ssim": 0.9505399771464463
        },
        "2": {
          "inference_seconds_per_image": 1.0146967459729632,
          "mae": 0.08252750598901026,
          "psnr": 20.09676527746479,
          "rmse": 0.09898672138326994,
          "ssim": 0.9425283580177908
        },
        "3": {
          "inference_seconds_per_image": 1.2863334632703496,
          "mae": 0.08456350198468647,
          "psnr": 19.939898890311568,
          "rmse": 0.10078830521570414,
          "ssim": 0.9403047926329214
        },
        "4": {
          "inference_seconds_per_image": 1.583577059270246,
          "mae": 0.08618339191417436,
          "psnr": 19.813140495220466,
          "rmse": 0.10226981457241828,
          "ssim": 0.9383213639175602
        },
        "5": {
          "inference_seconds_per_image": 1.835309877999997,
          "mae": 0.08751913885007033,
          "psnr": 19.703886687952956,
          "rmse": 0.10356370518113456,
          "ssim": 0.936539480954953
        }
      },
      "train_seconds": 2270.659784082
    }
  },
  "models": [
    "unet_resnet50"
  ],
  "run_seconds": 2592.199953292
}