{
  "batch_size": 4,
  "epochs": 50,
  "eval_device": "auto",
  "eval_limit": null,
  "image_size": 256,
  "limit": null,
  "metrics": {
    "unet_resnet50": {
      "steps": {
        "0": {
          "inference_seconds_per_image": 0.03834501397300669,
          "mae": 0.7542635444048289,
          "psnr": 2.1865244607264245,
          "rmse": 0.7789474284219576,
          "ssim": 0.03931388448894867
        },
        "1": {
          "inference_seconds_per_image": 0.6356853820810815,
          "mae": 0.003032646700548129,
          "psnr": 36.057931635945145,
          "rmse": 0.03431639736812651,
          "ssim": 0.8747402543460997
        },
        "2": {
          "inference_seconds_per_image": 0.8797970945945938,
          "mae": 0.0034876804893920546,
          "psnr": 37.566403777436875,
          "rmse": 0.039872975444614926,
          "ssim": 0.8263365836327676
        },
        "3": {
          "inference_seconds_per_image": 1.140543068486467,
          "mae": 0.004944182436579345,
          "psnr": 35.970157242411055,
          "rmse": 0.05087692113839105,
          "ssim": 0.6851476865327273
        },
        "4": {
          "inference_seconds_per_image": 1.4016917928919046,
          "mae": 0.005655499226860057,
          "psnr": 35.37576011343354,
          "rmse": 0.055698493866578075,
          "ssim": 0.6036248962459632
        },
        "5": {
          "inference_seconds_per_image": 1.6743306269188882,
          "mae": 0.006113964769856712,
          "psnr": 35.04870881409303,
          "rmse": 0.05859060324684939,
          "ssim": 0.5460103385894979
        }
      },
      "train_seconds": null
    }
  },
  "models": [
    "unet_resnet50"
  ],
  "run_seconds": 310.2314249249998
}